datetime,high,low,average,volume
2013-09-03 16:47:06,102.95,102.95,102.95,3222.85
2013-09-04 16:48:02,102.5,99.45,100.47,7845.5
2013-09-05 21:32:12,93.53,93.53,93.53,3461.37
2013-09-06 21:32:51,96.94,95.76,96.55,3000.14
2013-09-07 21:33:15,94.73,93.41,94.07,1786.78
2013-09-08 21:34:05,98.54,98.25,98.38,5695.22
2013-09-09 21:34:32,98.57,96.54,97.48,3094.25
2013-09-10 21:34:54,101.34,98.73,99.41,5624.93
2013-09-11 21:35:32,101.76,99.56,100.78,4702.66
2013-09-12 21:35:36,101.77,100.74,101.3,3239.07
2013-09-13 21:36:05,99.85,97.78,98.55,1856.48
2013-09-14 21:36:19,98.55,97.28,97.75,1235.92
2013-09-15 21:36:29,101.56,100.71,101,3794.57
2013-09-16 21:37:40,99.93,98.96,99.35,2489.38
2013-09-18 08:27:46,98.5,98.5,98.5,2125.74
2013-09-19 08:57:27,101.94,101.94,101.94,4557
2013-09-20 08:58:09,98.17,97.11,97.66,1750.96
2013-09-21 08:58:19,98.09,97.35,97.94,649.74
2013-09-22 08:58:47,99.35,98.17,98.82,1440.64
2013-09-23 08:59:05,97.14,95.5,96.28,2270.37
2013-09-24 09:00:05,96.67,95.52,95.97,3723.4
2013-09-25 09:01:01,97.54,96.73,97.09,2747.25
2013-09-26 09:02:05,98.04,97.41,97.66,3638.01
2013-09-27 09:02:28,99.66,97.72,98.07,1502.82
2013-09-28 09:02:31,103.35,102.4,102.78,3570.47
2013-09-29 09:03:03,102.17,101.02,101.34,3677.74
2013-09-30 09:03:06,101.21,98.7,99.87,3058.16
2013-10-01 09:03:50,98.98,98.46,98.65,3641.44
2013-10-02 09:04:46,94.49,93.66,93.97,19372.69
2013-10-03 21:13:34,98.09,98.09,98.09,4967.32
2013-10-04 21:13:45,97.12,95.4,96.18,1478.98
2013-10-05 21:14:02,97.2,96.48,97.1,1252.45
2013-10-06 21:14:05,97.49,96.58,97.18,2645.39
2013-10-07 21:14:32,97.29,96.24,96.76,2753.59
2013-10-08 21:14:51,100.06,98.3,99.13,3171.27
2013-10-09 21:15:40,100.08,99.41,99.59,2341.78
2013-10-10 21:15:49,98.97,98.18,98.34,1346.45
2013-10-11 21:16:09,102.05,101.24,101.51,1512.33
2013-10-12 21:16:16,101.77,101.36,101.66,3304.6
2013-10-13 21:17:09,106.06,105.3,105.81,9878.62
2013-10-14 21:17:38,109.14,108.17,108.67,6587.02
2013-10-15 21:18:07,109.89,107.94,108.63,10042.69
2013-10-16 21:18:21,112.04,110.22,111.11,3798.27
2013-10-17 21:18:38,116.87,115.46,116.2,6149.14
2013-10-18 21:18:50,129.07,124.88,127.43,14150.94
2013-10-19 21:18:59,128.97,127.61,128.25,2082.69
2013-10-20 21:19:52,138.45,135.48,136.72,6425.74
2013-10-21 21:20:09,143.15,140.33,141.79,7646.64
2013-10-22 21:20:58,156.11,154.64,155.38,8289.47
2013-10-23 21:21:52,147.66,144.63,146.34,20917.3
2013-10-24 21:22:22,138.06,135.25,136.65,7701.95
2013-10-25 21:22:46,137.82,136.7,137.2,2018.26
2013-10-26 21:23:10,146.66,143.99,145.15,2247.81
2013-10-28 08:26:51,146.22,146.22,146.22,2960.24
2013-10-29 08:27:08,152.01,148.26,150.69,3286.85
2013-10-30 08:27:19,151.33,148.52,150.39,4315.8
2013-10-31 08:28:02,151.73,149.74,150.8,2713.37
2013-11-01 09:23:47,155.87,155.87,155.87,1918.07
2013-11-02 09:23:50,156.62,153.91,155.41,1665.77
2013-11-03 09:24:48,163.74,162.24,162.82,5470.42
2013-11-04 09:25:29,176.27,173.1,175.02,7773.15
2013-11-05 09:25:34,194.72,191.82,192.91,14618.18
2013-11-06 09:25:42,217.79,202.84,213.68,12283.14
2013-11-07 09:25:59,241.11,235.9,239.41,14342.95
2013-11-08 09:26:46,270.55,262.46,265.37,10490.41
2013-11-09 09:26:52,263.94,251.27,258.74,13862.54
2013-11-10 09:30:21,252.79,248.55,251.11,8179.62
2013-11-11 09:30:37,276.55,270.67,273.26,5576.1
2013-11-12 09:30:39,277.87,275.29,276.46,4178.4
2013-11-13 09:31:35,317.73,308.69,313.61,11242.71
2013-11-14 09:31:53,317.99,312.37,315.81,5731.42
2013-11-15 09:32:32,324.83,320.2,322.72,5772.36
2013-11-16 09:32:38,357.48,353.33,354.85,4115.59
2013-11-17 09:33:35,461.68,402.57,431.82,8658.28
2013-11-18 09:34:40,572.08,506.94,549.46,17196.27
2013-11-19 09:35:07,395.15,383,390.84,21790.01
2013-11-20 09:35:16,495.43,483.4,490.38,14752.33
2013-11-21 09:35:27,544.27,531.6,536.68,6586.99
2013-11-22 09:35:57,642.09,619.22,632.18,4712.04
2013-11-23 09:36:26,593.27,574.33,583.61,3580.4
2013-11-24 09:37:20,606.23,595.3,601.22,2180.72
2013-11-25 09:38:15,631,624.05,627.65,3202.64
2013-11-26 09:38:30,705.88,694.28,701.81,5962.83
2013-11-27 09:39:16,768.2,756.13,764.37,6211.27
2013-11-28 09:39:56,840.42,818.7,831.46,7847.27
2013-11-29 09:40:10,858.9,845.78,855.02,4577.08
2013-11-30 09:41:02,836.37,815.65,826.66,3015.53
2013-12-01 09:41:06,808.65,781.51,795.09,13263.64
2013-12-02 09:41:30,813.98,796.28,802.63,4065.77
2013-12-03 09:42:23,830.22,819.08,823.21,3883.58
2013-12-04 09:42:55,828.83,771.62,789.97,7786.51
2013-12-05 09:43:06,785.12,772.4,777.34,12324.13
2013-12-06 10:17:57,485.52,485.52,485.52,19468.75
2013-12-07 10:18:29,587.25,566.14,578.68,9465.02
2013-12-08 10:19:17,691.85,674.52,684.8,6466.79
2013-12-09 10:19:38,692.81,681.56,688.43,4077.09
2013-12-10 10:20:06,717.96,686.06,707.65,5279.65
2013-12-11 10:20:11,664.71,652.02,660.08,4497.68
2013-12-12 10:21:04,685.61,673.67,679.3,3469.14
2013-12-13 10:21:28,653.1,650.26,651.93,2260.8
2013-12-14 10:22:06,626.24,614.84,620.31,1641.78
2013-12-15 10:23:00,632.2,624.55,627.8,1822.35
2013-12-16 10:23:34,547.68,528.16,538.2,12008.77
2013-12-17 10:24:17,403.41,361.9,386.67,13653.49
2013-12-18 10:24:21,465.99,453.14,460.56,15288.79
2013-12-19 10:24:26,540.31,528.47,534.34,6515.32
2013-12-20 10:25:14,475.61,468.09,473.12,4169.18
2013-12-21 10:25:36,501.47,482.77,492.9,2513.25
2013-12-22 10:26:08,487.9,482.72,484.45,1444.93
2013-12-23 10:27:02,504.66,499.54,501.09,1685.66
2013-12-24 10:27:34,503.35,498.22,501.47,847.39
2013-12-25 10:28:26,539.99,529.11,532.98,1868.78
2013-12-26 10:29:11,574.29,561.82,568.29,3472.47
2013-12-27 10:29:44,556.8,552.13,553.28,2176.28
2013-12-28 10:29:55,545.35,538.58,543.1,1754.65
2013-12-29 10:30:32,554.34,545.14,548.8,1411.11
2013-12-30 10:31:14,546.23,544.12,545.15,1355.26
2013-12-31 12:33:48,563.03,563.03,563.03,1471.99
2014-01-01 12:34:32,563.96,555.19,558.23,1224.65
2014-01-02 12:34:55,613.73,609.25,611.79,4139.92
2014-01-03 12:34:58,608.46,605.29,606.69,1917.14
2014-01-04 12:35:06,650.75,645.26,648.02,2947.95
2014-01-05 12:35:50,749.19,736.09,741.42,6273.06
2014-01-06 12:35:53,701.6,689.09,695.4,3926.56
2014-01-07 12:35:58,655.31,650.89,653.51,5520.38
2014-01-08 12:36:53,652.01,644.32,647.97,2029.68
2014-01-09 12:37:27,641.15,637.7,638.72,2105.29
2014-01-10 12:37:59,679.8,672.78,676.05,2498.27
2014-01-11 12:38:10,659.58,650.71,655.55,2027.82
2014-01-12 12:38:12,637.87,633.07,635.94,2246.5
2014-01-13 00:00:04,633.36,629.38,631.16,3135.91
2014-01-14 00:00:00,622.35,620.03,621.39,1861.69
2014-01-15 00:00:08,644.36,638.72,640.71,2263.54
2014-01-16 00:00:07,629.82,626.05,627.1,1682.19
2014-01-17 00:00:10,611.92,607.75,610.46,3710.66
2014-01-18 00:00:09,618.73,613.45,615.62,1179.14
2014-01-19 00:00:35,639.3,628.62,634.05,1323.37
2014-01-20 00:00:21,656.15,647.05,651.12,2255.02
2014-01-21 00:00:14,648.25,645.21,646.43,2153.33
2014-01-22 00:00:01,630.18,625.4,627.75,2044.11
2014-01-23 00:00:04,619.18,616.81,617.93,1979.53
2014-01-24 00:00:55,612.34,604.51,607.7,2663.39
2014-01-25 00:01:07,649.24,641.86,644.74,1767.76
2014-01-26 00:00:41,686.02,676.51,680.66,3515.08
2014-01-27 00:00:30,602.5,592.02,597.08,3832.43
2014-01-28 00:00:48,624.52,619,621.25,3260.81
2014-01-29 00:00:36,635.19,628.53,630.64,2028.98
2014-01-30 00:00:14,629.35,620.15,625.22,2451.77
2014-01-31 00:00:43,618.72,614.38,616,1276.83
2014-02-01 00:00:03,627.08,623.38,625.42,1362.41
2014-02-02 00:00:56,624.22,620.73,622.92,982.22
2014-02-03 00:00:27,627.39,623.45,625.07,1748.22
2014-02-04 00:00:13,631.98,627.28,629.63,1801.95
2014-02-05 00:00:46,624.31,616.07,617.62,1912.85
2014-02-06 00:00:52,595.5,589.32,591.20,4189.03
2014-02-07 00:00:25,550.19,529.69,544.69,10933.88
2014-02-08 00:00:32,508.39,493.59,499.54,4678.34
2014-02-09 00:00:40,508.83,501.04,505.75,3643.82
2014-02-10 00:00:12,504.96,496.36,501.18,6094.54
2014-02-11 00:00:22,498.04,489.2,493.10,3173.92
2014-02-12 00:00:17,496.88,493.96,495.03,1916.93
2014-02-13 00:00:19,464.86,456.46,461.99,2854.32
2014-02-14 00:00:33,494.58,492.49,493.72,5341.71
2014-02-15 00:00:31,481.89,476.09,479.40,1124.84
2014-02-16 00:01:05,457.29,445.39,452.44,2574.7
2014-02-17 00:00:53,468.78,466.67,467.66,2148.19
2014-02-18 00:00:49,470.7,468.5,469.77,1631.56
2014-02-19 00:00:44,462.55,461.1,461.93,1401.9
2014-02-20 00:00:39,419.93,409.44,415.94,3942.05
2014-02-21 00:00:29,419.57,415.5,417.28,3215.18
2014-02-22 00:00:32,448.39,444.38,446.51,2489.85
2014-02-23 00:00:34,455.8,452.35,453.80,2651.02
2014-02-24 00:00:21,417.11,409.94,414.39,2586.63
2014-02-25 00:00:18,397.42,389.59,393.66,8498.26
2014-02-26 00:00:04,431.99,427.61,429.74,4608.54
2014-02-27 00:00:18,440.77,430.22,433.40,2041.22
2014-02-28 00:00:27,416.05,409.6,412.75,3286.73
2014-03-01 00:00:23,418.84,416.57,417.10,1251.33
2014-03-02 00:00:29,415.07,410.44,411.39,1085.25
2014-03-03 00:00:15,478.16,472.93,475.68,6351.16
2014-03-04 00:00:43,487.69,483.94,486.08,4126.58
2014-03-05 00:00:19,484.84,482.93,483.89,2200.17
2014-03-06 00:00:52,478.52,476.85,477.65,1768.43
2014-03-07 00:00:03,461.56,458.28,460.48,2470.14
2014-03-08 00:00:10,452.22,450.54,451.39,1234.75
2014-03-09 00:00:06,466.53,463.94,465.40,1239.07
2014-03-10 00:00:15,454.86,454.06,454.35,1784.16
2014-03-11 00:00:16,460.38,458.49,459.42,1439.73
2014-03-12 00:00:19,460.22,458.49,459.17,1762.22
2014-03-13 00:00:13,463.35,462.16,462.60,1306.75
2014-03-14 00:00:17,458.44,457.19,457.68,1403.45
2014-03-15 00:00:19,460.28,458.45,459.50,761.42
2014-03-16 00:00:10,458.47,456.86,457.56,502.22
2014-03-17 00:01:02,450.83,449.94,450.30,1518.45
2014-03-18 00:00:28,445.79,443.47,444.56,2212.43
2014-03-19 00:00:44,440.68,439.21,440.10,1804.62
2014-03-20 00:00:54,427.76,425.28,426.51,2122.75
2014-03-21 00:00:00,438.67,416.91,425.08,2570.77
2014-03-22 00:00:00,418.88,404.73,412.69,1644.79
2014-03-23 00:00:00,417.52,411.02,414.21,711.12
2014-03-24 00:00:00,425.29,404.52,411.47,2250.96
2014-03-25 00:00:00,425.96,416.63,420.53,1687.42
2014-03-26 00:00:00,426.79,415.97,422.41,1628.72
2014-03-27 00:00:00,426.32,364.92,404.11,5281.21
2014-03-28 00:00:00,390.71,363.85,377.73,3143.49
2014-03-29 00:00:00,376.78,366.88,372.38,1182.41
2014-03-30 00:00:00,367.71,327.48,350.18,3790.51
2014-03-31 00:00:00,352.64,330.13,339.19,1466.21
2014-04-01 00:00:00,364.76,334.5,353.70,3351.41
2014-04-02 00:00:00,368.19,323.69,350.21,4110.77
2014-04-03 00:00:00,334.38,313.51,324.29,3154.46
2014-04-04 00:00:00,336.27,324.01,329.68,2054.99
2014-04-05 00:00:00,338.29,328.84,332.51,1059.6
2014-04-06 00:00:00,340.28,332.39,337.05,848.22
2014-04-07 00:00:00,339.29,331.38,335.85,1531.63
2014-04-08 00:00:00,337.01,331.62,334.49,1354.4
2014-04-09 00:00:00,334.8,325.33,330.33,2017.54
2014-04-10 00:00:00,327.19,265.99,301.60,6122.64
2014-04-11 00:00:00,313.58,256.98,294.04,5290.53
2014-04-12 00:00:00,320.16,307.64,312.69,1089.76
2014-04-13 00:00:00,311.8,291.66,304.51,1418.95
2014-04-14 00:00:00,337.37,300.43,323.75,4284.22
2014-04-15 00:00:00,375.19,331.27,353.84,4806.38
2014-04-16 00:00:00,395.45,363.82,374.69,4499.06
2014-04-17 00:00:00,381.39,355.27,368.28,2662.86
2014-04-18 00:00:00,365.75,346.82,355.68,1396.1
2014-04-19 00:00:00,366.3,348.44,359.34,1287.12
2014-04-20 00:00:00,369.59,359.52,365.10,821.98
2014-04-21 00:00:00,374.73,358.82,364.13,977.91
2014-04-22 00:00:00,363.5,354.85,359.44,1061.22
2014-04-23 00:00:00,359.34,353.52,355.71,1379.13
2014-04-24 00:00:00,360.98,349.76,354.71,1941.57
2014-04-25 00:00:00,360.54,324.96,338.83,3074.07
2014-04-26 00:00:00,339.53,329.15,334.16,1216.45
2014-04-27 00:00:00,338.8,316.78,330.44,1227.44
2014-04-28 00:00:00,326.31,309.35,317.99,2352.34
2014-04-29 00:00:00,326.43,316.22,322.68,2228.35
2014-04-30 00:00:00,327.48,319.38,323.43,2049.05
2014-05-01 00:00:00,332.37,323.55,328.79,1526.79
2014-05-02 00:00:00,330.99,323.19,326.21,1332.02
2014-05-03 00:00:00,326.84,313.35,320.70,1174.35
2014-05-04 00:00:00,319.05,311.89,314.92,689.59
2014-05-05 00:00:00,317.55,310.86,313.85,1582.22
2014-05-06 00:00:00,315.99,310.07,312.47,1715.14
2014-05-07 00:00:00,321.86,311.0,315.57,2777.05
2014-05-08 00:00:00,321.61,318.59,320.07,1511.21
2014-05-09 00:00:00,329.66,320.21,324.77,1837.57
2014-05-10 00:00:00,329.62,326.07,327.82,774.42
2014-05-11 00:00:00,330.67,318.04,325.22,1128.95
2014-05-12 00:00:00,324.37,317.24,321.04,1275.92
2014-05-13 00:00:00,324.85,319.01,321.65,1654.83
2014-05-14 00:00:00,326.85,320.75,323.21,2490.23
2014-05-15 00:00:00,329.58,324.61,327.30,1965.27
2014-05-16 00:00:00,331.29,326.79,329.40,1107.65
2014-05-17 00:00:00,337.7,329.42,333.29,560.2
2014-05-18 00:00:00,339.18,326.77,334.39,615.05
2014-05-19 00:00:00,328.3,324.79,326.41,1117.22
2014-05-20 00:00:00,357.31,326.18,338.62,3867.15
2014-05-21 00:00:00,361.53,353.2,358.51,2162.35
2014-05-22 00:00:00,385.54,359.09,372.50,3660.44
2014-05-23 00:00:00,398.18,382.18,388.49,3498.48
2014-05-24 00:00:00,385.55,379.45,383.13,1293.66
2014-05-25 00:00:00,422.18,385.19,410.30,3352.66
2014-05-26 00:00:00,430.07,414.65,425.16,2505.9
2014-05-27 00:00:00,429.99,405.3,420.62,3997.22
2014-05-28 00:00:00,423.86,416.07,420.63,2004.33
2014-05-29 00:00:00,419.3,413.48,416.67,1241.71
2014-05-30 00:00:00,452.72,418.71,438.03,3295.75
2014-05-31 00:00:00,456.28,444.83,451.38,1149.95
2014-06-01 00:00:00,491.53,453.71,470.56,3492.04
2014-06-02 00:00:00,486.07,456.38,467.28,2983.67
2014-06-03 00:00:00,493.68,480.72,486.45,2806.91
2014-06-04 00:00:00,492.2,465.5,474.99,2846.45
2014-06-05 00:00:00,487.67,472.69,480.55,2283.52
2014-06-06 00:00:00,486.83,480.53,484.06,1605.05
2014-06-07 00:00:00,482.09,475.77,479.98,1000.76
2014-06-08 00:00:00,485.49,479.73,482.18,447.34
2014-06-09 00:00:00,484.11,475.06,478.82,1238.9
2014-06-10 00:00:00,481.02,474.57,477.90,1991.02
2014-06-11 00:00:00,479.74,461.49,472.86,2133.53
2014-06-12 00:00:00,465.76,416.16,457.20,4406.1
2014-06-13 00:00:00,453.6,425.54,438.47,3648.03
2014-06-14 00:00:00,439.18,404.22,424.49,3004.65
2014-06-15 00:00:00,436.16,410.65,419.49,2017.81
2014-06-16 00:00:00,451.65,433.13,442.57,2746.91
2014-06-17 00:00:00,448.67,434.39,441.92,2006.38
2014-06-18 00:00:00,452.38,446.77,449.58,1503.05
2014-06-19 00:00:00,449.42,438.51,445.76,1281.66
2014-06-20 00:00:00,440.76,429.07,437.43,1456.31
2014-06-21 00:00:00,448.79,434.93,438.49,708.56
2014-06-22 00:00:00,443.35,434.6,439.80,830.32
2014-06-23 00:00:00,442.58,431.45,435.32,1323.42
2014-06-24 00:00:00,435.36,424.79,432.85,1455.38
2014-06-25 00:00:00,428.18,412.95,419.76,2293.72
2014-06-27 00:00:00,435.51,435.51,435.51,2227.9
2014-06-28 00:00:00,440.39,433.96,436.95,1007.81
2014-06-29 00:00:00,439.17,432.58,435.94,561.24
2014-06-30 00:00:00,468.35,436.75,452.75,4041.0
2014-07-01 00:00:00,477.1,465.1,471.23,2798.59
2014-07-02 00:00:00,501.89,464.57,470.37,1651.51
2014-07-03 00:00:00,474.8,468.94,471.74,1222.82
2014-07-04 00:00:00,477.01,460.28,467.98,1560.91
2014-07-05 00:00:00,467.74,461.32,464.64,525.12
2014-07-06 00:00:00,469.64,463.73,467.10,675.12
2014-07-07 00:00:00,469.82,456.7,463.67,1784.72
2014-07-08 00:00:00,463.31,456.35,459.82,1015.45
2014-07-09 00:00:00,463.19,457.09,459.63,1037.04
2014-07-10 00:00:00,462.05,448.81,455.30,1367.95
2014-07-11 00:00:00,465.66,453.05,459.17,1434.14
2014-07-12 00:00:00,474.37,463.6,466.49,636.02
2014-07-13 00:00:00,469.4,461.83,465.07,646.25
2014-07-14 00:00:00,463.26,456.08,459.16,1221.28
2014-07-15 00:00:00,461.82,456.16,459.27,1068.38
2014-07-16 00:00:00,460.28,452.84,458.70,1030.62
2014-07-17 00:00:00,462.54,451.74,458.86,1416.37
2014-07-18 00:00:00,464.76,457.78,460.92,1605.64
2014-07-19 00:00:00,471.27,462.0,465.60,542.48
2014-07-20 00:00:00,471.3,460.24,464.52,517.75
2014-07-21 00:00:00,464.23,459.46,461.72,970.41
2014-07-22 00:00:00,463.05,459.36,460.89,990.29
2014-07-23 00:00:00,465.91,459.79,461.22,527.89
2014-07-24 00:00:00,461.98,445.22,454.58,2391.94
2014-07-25 00:00:00,452.68,445.36,449.92,1011.56
2014-07-26 00:00:00,450.91,442.61,446.70,856.76
2014-07-27 00:00:00,448.84,443.68,446.11,506.16
2014-07-28 00:00:00,523.96,432.6,446.39,2099.74
2014-07-29 00:00:00,443.54,437.49,440.83,1339.99
2014-07-30 00:00:00,440.65,423.75,434.94,1942.31
2014-07-31 00:00:00,439.45,423.35,431.17,1851.17
2014-08-01 00:00:00,449.18,439.01,444.83,1929.09
2014-08-02 00:00:00,447.67,440.17,443.92,743.58
2014-08-03 00:00:00,443.14,434.74,438.82,802.19
2014-08-04 00:00:00,444.26,437.56,440.11,1347.71
2014-08-05 00:00:00,441.65,435.03,437.98,1352.74
2014-08-06 00:00:00,439.63,435.45,437.38,1288.47
2014-08-07 00:00:00,442.11,435.83,438.44,1185.85
2014-08-08 00:00:00,447.22,439.38,443.00,1221.91
2014-08-09 00:00:00,445.01,439.01,441.97,467.85
2014-08-10 00:00:00,443.4,439.45,441.54,719.73
2014-08-11 00:00:00,443.01,432.33,439.93,1452.06
2014-08-12 00:00:00,433.96,428.82,431.24,1487.18
2014-08-13 00:00:00,432.6,403.62,420.18,3488.88
2014-08-14 00:00:00,412.76,383.0,397.00,3707.43
2014-08-15 00:00:00,394.67,378.57,387.66,2263.54
2014-08-16 00:00:00,399.74,373.32,382.73,1849.62
2014-08-17 00:00:00,399.41,376.61,388.28,1322.1
2014-08-18 00:00:00,384.9,345.55,366.27,4571.27
2014-08-19 00:00:00,375.99,349.39,364.26,3283.23
2014-08-20 00:00:00,397.08,391.3,375.02,3360.4
2014-08-21 00:00:00,404.74,391.61,397.50,2532.86
2014-08-22 00:00:00,397.74,385.31,392.84,2221.3
2014-08-23 00:00:00,393.69,378.73,387.45,1203.68
2014-08-24 00:00:00,391.46,380.45,386.28,839.74
2014-08-25 00:00:00,390.72,384.38,387.16,1231.92
2014-08-26 00:00:00,391.53,384.14,388.27,1607.71
2014-08-27 00:00:00,396.09,387.85,391.76,1739.25
2014-08-28 00:00:00,392.69,383.55,388.21,1610.19
2014-08-29 00:00:00,389.02,383.36,386.18,1492.63
2014-08-30 00:00:00,389.09,383.4,386.21,882.66
2014-08-31 00:00:00,386.64,365.33,376.10,1856.13
2014-09-01 00:00:00,373.58,365.53,369.68,2164.5
2014-09-02 00:00:00,369.97,363.82,367.01,1795.8
2014-09-03 00:00:00,370.46,363.63,366.68,1540.74
2014-09-04 00:00:00,380.68,363.58,370.69,3142.43
2014-09-05 00:00:00,381.18,372.22,376.56,1984.53
2014-09-06 00:00:00,376.49,371.96,373.81,1482.86
2014-09-07 00:00:00,374.82,369.96,373.02,1393.12
2014-09-08 00:00:00,1190.51,365.7,378.94,6603.85
2014-09-09 00:00:00,376.24,366.75,370.06,3660.9
2014-09-10 00:00:00,379.73,370.37,375.19,3217.78
2014-09-11 00:00:00,374.47,368.67,371.93,1985.39
2014-09-12 00:00:00,372.92,366.36,370.62,1464.85
2014-09-13 00:00:00,381.2,366.82,373.10,1092.41
2014-09-14 00:00:00,376.41,368.0,371.05,1381.99
2014-09-15 00:00:00,380.71,365.67,371.65,2500.18
2014-09-16 00:00:00,369.03,360.36,365.24,2506.05
2014-09-17 00:00:00,362.76,349.96,356.51,3277.88
2014-09-18 00:00:00,354.91,323.03,344.19,5616.16
2014-09-19 00:00:00,334.13,300.05,318.92,6227.91
2014-09-20 00:00:00,334.98,308.02,322.94,3399.84
2014-09-21 00:00:00,323.92,310.41,316.86,2027.1
2014-09-22 00:00:00,320.66,311.29,316.02,2611.19
2014-09-23 00:00:00,347.16,311.8,321.35,5856.34
2014-09-24 00:00:00,344.48,328.42,335.92,4092.86
2014-09-25 00:00:00,333.89,321.15,325.47,3087.47
2014-09-26 00:00:00,325.5,314.89,320.12,3053.89
2014-09-27 00:00:00,321.96,315.19,319.03,947.21
2014-09-28 00:00:00,318.65,295.64,311.03,3087.7
2014-09-29 00:00:00,304.35,294.24,299.37,3985.77
2014-09-30 00:00:00,311.16,294.58,301.08,3357.3
2014-10-01 00:00:00,311.55,300.73,306.09,3640.52
2014-10-02 00:00:00,305.67,296.09,300.95,3088.39
2014-10-03 00:00:00,300.25,284.0,294.80,3089.5
2014-10-04 00:00:00,292.58,262.27,279.35,4667.2
2014-10-05 00:00:00,273.42,232.76,255.70,11560.19
2014-10-06 00:00:00,277.51,242.77,260.84,8475.61
2014-10-07 00:00:00,272.14,259.51,265.61,4171.31
2014-10-08 00:00:00,282.54,263.52,271.31,4886.15
2014-10-09 00:00:00,306.3,280.27,291.29,7741.96
2014-10-10 00:00:00,299.17,282.79,289.33,3527.78
2014-10-11 00:00:00,305.8,284.49,291.41,2226.42
2014-10-12 00:00:00,301.52,284.94,289.80,2360.28
2014-10-13 00:00:00,309.31,294.15,300.50,4535.39
2014-10-14 00:00:00,324.14,306.54,315.80,4503.75
2014-10-15 00:00:00,319.66,306.55,312.10,3443.98
2014-10-16 00:00:00,313.65,292.65,305.18,4415.99
2014-10-17 00:00:00,302.93,295.03,299.66,2298.37
2014-10-18 00:00:00,309.53,297.5,303.43,2395.96
2014-10-19 00:00:00,311.09,304.51,307.09,1777.52
2014-10-20 00:00:00,306.92,299.33,302.60,3089.77
2014-10-21 00:00:00,309.07,299.72,304.35,2879.35
2014-10-22 00:00:00,306.89,301.68,304.44,2795.48
2014-10-23 00:00:00,304.07,283.21,293.74,5159.07
2014-10-24 00:00:00,288.98,281.44,285.69,2344.87
2014-10-25 00:00:00,286.62,273.7,280.14,2640.17
2014-10-26 00:00:00,285.97,274.67,281.28,1330.74
2014-10-27 00:00:00,283.77,277.89,281.97,2772.77
2014-10-28 00:00:00,283.56,279.61,281.75,2135.71
2014-10-29 00:00:00,283.97,267.17,276.19,3480.38
2014-10-30 00:00:00,277.02,266.98,270.11,3509.26
2014-10-31 00:00:00,276.49,270.6,273.83,2106.47
2014-11-01 00:00:00,272.79,257.18,264.93,2743.38
2014-11-02 00:00:00,265.41,256.82,260.47,1911.54
2014-11-03 00:00:00,266.48,260.1,263.39,3029.07
2014-11-04 00:00:00,264.29,258.03,261.89,4421.41
2014-11-05 00:00:00,275.19,262.75,269.79,3305.74
2014-11-06 00:00:00,281.81,270.97,274.59,3675.5
2014-11-07 00:00:00,282.76,275.01,278.12,2358.2
2014-11-08 00:00:00,277.42,273.57,275.77,1787.26
2014-11-09 00:00:00,288.57,274.35,280.97,2011.79
2014-11-10 00:00:00,299.78,284.0,291.30,3834.7
2014-11-11 00:00:00,295.87,290.64,293.87,2372.39
2014-11-12 00:00:00,332.98,295.37,311.66,7112.33
2014-11-13 00:00:00,351.98,311.32,335.61,8813.46
2014-11-14 00:00:00,330.81,308.3,318.08,3839.18
2014-11-15 00:00:00,324.03,298.31,310.62,2630.06
2014-11-16 00:00:00,317.06,302.39,310.25,1833.55
2014-11-17 00:00:00,333.98,311.62,321.72,4364.7
2014-11-18 00:00:00,321.04,306.55,313.89,3232.61
2014-11-19 00:00:00,317.3,307.71,312.56,2630.17
2014-11-20 00:00:00,314.21,287.95,299.13,3788.6
2014-11-21 00:00:00,290.31,280.82,286.34,3199.74
2014-11-22 00:00:00,294.08,284.97,289.64,2053.43
2014-11-23 00:00:00,299.04,286.24,290.65,2017.83
2014-11-24 00:00:00,309.4,295.43,301.61,4181.22
2014-11-25 00:00:00,313.49,301.9,307.07,3494.17
2014-11-26 00:00:00,302.97,295.48,299.30,3329.49
2014-11-27 00:00:00,301.21,296.77,298.95,2354.43
2014-11-28 00:00:00,305.78,292.1,298.21,4178.3
2014-11-29 00:00:00,309.65,300.71,304.05,2020.72
2014-11-30 00:00:00,305.97,301.05,303.24,1564.9
2014-12-01 00:00:00,305.73,301.02,303.63,2453.16
2014-12-02 00:00:00,307.27,300.58,304.59,3158.77
2014-12-03 00:00:00,307.55,302.71,305.35,2870.18
2014-12-04 00:00:00,305.87,300.23,303.60,3244.43
2014-12-05 00:00:00,305.69,298.28,302.04,2866.96
2014-12-06 00:00:00,306.4,302.92,304.39,1562.72
2014-12-07 00:00:00,307.84,303.54,304.84,1177.99
2014-12-08 00:00:00,305.65,297.17,301.26,3306.48
2014-12-09 00:00:00,298.27,283.48,289.40,5377.74
2014-12-10 00:00:00,287.6,283.17,285.62,2958.5
2014-12-11 00:00:00,291.2,279.05,287.00,4195.29
2014-12-12 00:00:00,289.0,283.26,286.26,2588.32
2014-12-13 00:00:00,287.18,281.41,284.09,2149.75
2014-12-14 00:00:00,289.35,281.11,284.34,2216.95
2014-12-15 00:00:00,288.65,282.41,285.45,2728.33
2014-12-16 00:00:00,283.41,267.57,275.21,5265.26
2014-12-17 00:00:00,270.04,259.79,264.50,5164.51
2014-12-18 00:00:00,264.1,252.86,258.58,4601.63
2014-12-19 00:00:00,262.29,254.91,258.30,3783.68
2014-12-20 00:00:00,271.64,260.3,266.79,3249.22
2014-12-21 00:00:00,271.23,264.49,267.29,1896.23
2014-12-22 00:00:00,272.84,264.27,269.27,3793.8
2014-12-23 00:00:00,275.77,270.67,273.27,3456.92
2014-12-24 00:00:00,275.73,265.91,272.30,2512.78
2014-12-25 00:00:00,267.33,262.62,264.86,1486.9
2014-12-26 00:00:00,273.3,263.3,267.71,1812.13
2014-12-27 00:00:00,271.68,260.38,264.94,1722.91
2014-12-28 00:00:00,266.13,258.99,262.69,1276.53
2014-12-29 00:00:00,264.9,259.57,262.05,2448.95
2014-12-30 00:00:00,262.69,257.97,260.52,2887.81
2014-12-31 00:00:00,265.47,258.59,260.70,1700.62
2015-01-01 00:00:00,265.87,262.23,264.12,1019.6
2015-01-02 00:00:00,265.59,261.8,263.64,2110.17
2015-01-03 00:00:00,265.46,241.27,256.60,4399.65
2015-01-04 00:00:00,243.75,222.03,232.80,7802.76
2015-01-05 00:00:00,235.63,224.64,230.39,7669.52
